"A-1803 A-769662, >99%",10 mg,70
"A-1803 A-769662, >99%",100 mg,510
"A-1803 A-769662, >99%",200 mg,765
"A-1803 A-769662, >99%",25 mg,162
"A-1803 A-769662, >99%",300 mg,"1,075"
"A-1803 A-769662, >99%",50 mg,297
"A-1803 A-769662, >99%",500 mg,"1,635"
"A-6880 17-AAG, >99%",100 mg,87
"A-6880 17-AAG, >99%",200 mg,154
"A-6880 17-AAG, >99%",25 mg,42
"A-6880 17-AAG, >99%",250 mg,183
"A-6880 17-AAG, >99%",500 mg,248
"A-6900 6""-O-Acetyldaidzin, >98%",1 mg,66
"A-6900 6""-O-Acetyldaidzin, >98%",10 mg,315
"A-6900 6""-O-Acetyldaidzin, >98%",25 mg,550
"A-6900 6""-O-Acetyldaidzin, >98%",5 mg,185
"A-3000 6""-O-Acetylgenistin, >98%",1 mg,59
"A-3000 6""-O-Acetylgenistin, >98%",10 mg,280
"A-3000 6""-O-Acetylgenistin, >98%",25 mg,525
"A-3000 6""-O-Acetylgenistin, >98%",5 mg,168
"A-7860 6""-O-Acetylglycitin, >98%",1 mg,74
"A-7860 6""-O-Acetylglycitin, >98%",10 mg,330
"A-7860 6""-O-Acetylglycitin, >98%",25 mg,585
"A-7860 6""-O-Acetylglycitin, >98%",5 mg,195
"A-8644 Afatinib, Free Base, >99%",10 mg,39
"A-8644 Afatinib, Free Base, >99%",100 mg,142
"A-8644 Afatinib, Free Base, >99%",200 mg,255
"A-8644 Afatinib, Free Base, >99%",25 mg,64
"A-8644 Afatinib, Free Base, >99%",50 mg,89
"A-8644 Afatinib, Free Base, >99%",500 mg,515
"A-6802 Afuresertib, Free, >99%",1 mg,65
"A-6802 Afuresertib, Free, >99%",10 mg,129
"A-6802 Afuresertib, Free, >99%",100 mg,566
"A-6802 Afuresertib, Free, >99%",200 mg,890
"A-6802 Afuresertib, Free, >99%",25 mg,228
"A-6802 Afuresertib, Free, >99%",5 mg,86
"A-6802 Afuresertib, Free, >99%",50 mg,347
"A-6877 Afuresertib, Hydrochloride Salt, >99%",1 mg,65
"A-6877 Afuresertib, Hydrochloride Salt, >99%",10 mg,129
"A-6877 Afuresertib, Hydrochloride Salt, >99%",100 mg,566
"A-6877 Afuresertib, Hydrochloride Salt, >99%",200 mg,890
"A-6877 Afuresertib, Hydrochloride Salt, >99%",25 mg,228
"A-6877 Afuresertib, Hydrochloride Salt, >99%",5 mg,86
"A-6877 Afuresertib, Hydrochloride Salt, >99%",50 mg,347
"A-1098 AICAR, Free Base, >99%",100 mg,79
"A-1098 AICAR, Free Base, >99%",200 mg,139
"A-1098 AICAR, Free Base, >99%",25 mg,28
"A-1098 AICAR, Free Base, >99%",250 mg,158
"A-1098 AICAR, Free Base, >99%",50 mg,47
"A-1098 AICAR, Free Base, >99%",500 mg,285
"A-4477 Alpelisib, Free Base, >99%",10 mg,96
"A-4477 Alpelisib, Free Base, >99%",100 mg,392
"A-4477 Alpelisib, Free Base, >99%",200 mg,675
"A-4477 Alpelisib, Free Base, >99%",25 mg,155
"A-4477 Alpelisib, Free Base, >99%",5 mg,68
"A-4477 Alpelisib, Free Base, >99%",50 mg,209
"A-4477 Alpelisib, Free Base, >99%",500 mg,"1,275"
"A-3465 Alvocidib, Free Base, >99%",10 mg,83
"A-3465 Alvocidib, Free Base, >99%",100 mg,362
"A-3465 Alvocidib, Free Base, >99%",200 mg,645
"A-3465 Alvocidib, Free Base, >99%",25 mg,135
"A-3465 Alvocidib, Free Base, >99%",5 mg,47
"A-3465 Alvocidib, Free Base, >99%",50 mg,194
"A-3465 Alvocidib, Free Base, >99%",500 mg,980
"A-3499 Alvocidib, Hydrochloride Salt, >99%",10 mg,83
"A-3499 Alvocidib, Hydrochloride Salt, >99%",100 mg,362
"A-3499 Alvocidib, Hydrochloride Salt, >99%",200 mg,645
"A-3499 Alvocidib, Hydrochloride Salt, >99%",25 mg,135
"A-3499 Alvocidib, Hydrochloride Salt, >99%",5 mg,47
"A-3499 Alvocidib, Hydrochloride Salt, >99%",50 mg,194
"A-3499 Alvocidib, Hydrochloride Salt, >99%",500 mg,980
"A-2109 AS-605240, Free Base, >99%",10 mg,49
"A-2109 AS-605240, Free Base, >99%",100 mg,238
"A-2109 AS-605240, Free Base, >99%",200 mg,412
"A-2109 AS-605240, Free Base, >99%",25 mg,85
"A-2109 AS-605240, Free Base, >99%",50 mg,146
"A-2109 AS-605240, Free Base, >99%",500 mg,748
"A-2188 AS-605240, Potassium Salt, >99%",10 mg,49
"A-2188 AS-605240, Potassium Salt, >99%",100 mg,238
"A-2188 AS-605240, Potassium Salt, >99%",200 mg,412
"A-2188 AS-605240, Potassium Salt, >99%",25 mg,85
"A-2188 AS-605240, Potassium Salt, >99%",50 mg,146
"A-2188 AS-605240, Potassium Salt, >99%",500 mg,748
"A-1040 Ascomycin, >99%",100 mg,78
"A-1040 Ascomycin, >99%",25 mg,53
"A-1040 Ascomycin, >99%",250 mg,122
"A-1107 Axitinib, Free Base, >99%",100 mg,76
"A-1107 Axitinib, Free Base, >99%",200 mg,127
"A-1107 Axitinib, Free Base, >99%",50 mg,44
"A-1107 Axitinib, Free Base, >99%",500 mg,288
"A-1088 AZD4547, Free Base, >99%",10 mg,51
"A-1088 AZD4547, Free Base, >99%",100 mg,178
"A-1088 AZD4547, Free Base, >99%",200 mg,272
"A-1088 AZD4547, Free Base, >99%",25 mg,84
"A-1088 AZD4547, Free Base, >99%",5 mg,42
"A-1088 AZD4547, Free Base, >99%",50 mg,114
"A-2345 AZD8055, Free Base, >99%",10 mg,49
"A-2345 AZD8055, Free Base, >99%",100 mg,184
"A-2345 AZD8055, Free Base, >99%",200 mg,332
"A-2345 AZD8055, Free Base, >99%",25 mg,85
"A-2345 AZD8055, Free Base, >99%",5 mg,37
"A-2345 AZD8055, Free Base, >99%",50 mg,115
"B-1080 Bafilomycin A1, >98%",1 mg,45
"B-1080 Bafilomycin A1, >98%",10 mg,284
"B-1080 Bafilomycin A1, >98%",25 mg,562
"B-1080 Bafilomycin A1, >98%",5 mg,179
"B-2422 Bexarotene, Free Acid, >99%",100 mg,57
"B-2422 Bexarotene, Free Acid, >99%",300 mg,72
"B-2422 Bexarotene, Free Acid, >99%",500 mg,98
"B-7100 BIIB021, Free Base, >99%",10 mg,81
"B-7100 BIIB021, Free Base, >99%",100 mg,328
"B-7100 BIIB021, Free Base, >99%",200 mg,532
"B-7100 BIIB021, Free Base, >99%",25 mg,145
"B-7100 BIIB021, Free Base, >99%",250 mg,615
"B-7100 BIIB021, Free Base, >99%",5 mg,52
"B-7100 BIIB021, Free Base, >99%",50 mg,215
"B-7100 BIIB021, Free Base, >99%",500 mg,845
"B-9135 Birinapant, Free Base, >99%",10 mg,111
"B-9135 Birinapant, Free Base, >99%",100 mg,472
"B-9135 Birinapant, Free Base, >99%",25 mg,199
"B-9135 Birinapant, Free Base, >99%",5 mg,74
"B-9135 Birinapant, Free Base, >99%",50 mg,284
"B-1408 Bortezomib, Free Base, >99%",10 mg,53
"B-1408 Bortezomib, Free Base, >99%",100 mg,215
"B-1408 Bortezomib, Free Base, >99%",200 mg,336
"B-1408 Bortezomib, Free Base, >99%",25 mg,91
"B-1408 Bortezomib, Free Base, >99%",250 mg,388
"B-1408 Bortezomib, Free Base, >99%",5 mg,30
"B-1408 Bortezomib, Free Base, >99%",50 mg,142
"B-1408 Bortezomib, Free Base, >99%",500 mg,560
"B-1788 Bosutinib, Free Base, >99%",100 mg,69
"B-1788 Bosutinib, Free Base, >99%",200 mg,99
"B-1788 Bosutinib, Free Base, >99%",25 mg,34
"B-1788 Bosutinib, Free Base, >99%",50 mg,47
"B-1788 Bosutinib, Free Base, >99%",500 mg,232
"B-1722 Bosutinib Isomer 1, Free Base, >99%",100 mg,89
"B-1722 Bosutinib Isomer 1, Free Base, >99%",200 mg,164
"B-1722 Bosutinib Isomer 1, Free Base, >99%",25 mg,37
"B-1722 Bosutinib Isomer 1, Free Base, >99%",50 mg,55
"B-1722 Bosutinib Isomer 1, Free Base, >99%",500 mg,388
"B-8500 Brefeldin A, >99%",10 mg,45
"B-8500 Brefeldin A, >99%",100 mg,187
"B-8500 Brefeldin A, >99%",25 mg,64
"B-8500 Brefeldin A, >99%",300 mg,495
"B-8500 Brefeldin A, >99%",50 mg,119
"B-8500 Brefeldin A, >99%",500 mg,695
"B-6697 Bryostatin 1, >99%",1 mg,"2,190"
"C-2581 Cabazitaxel, >99%",10 mg,81
"C-2581 Cabazitaxel, >99%",100 mg,247
"C-2581 Cabazitaxel, >99%",200 mg,418
"C-2581 Cabazitaxel, >99%",25 mg,124
"C-2581 Cabazitaxel, >99%",5 mg,52
"C-2581 Cabazitaxel, >99%",50 mg,179
"C-2581 Cabazitaxel, >99%",500 mg,733
"C-8901 Cabozantinib, Free Base, >99%",10 mg,42
"C-8901 Cabozantinib, Free Base, >99%",100 mg,142
"C-8901 Cabozantinib, Free Base, >99%",200 mg,249
"C-8901 Cabozantinib, Free Base, >99%",25 mg,61
"C-8901 Cabozantinib, Free Base, >99%",50 mg,93
"C-8901 Cabozantinib, Free Base, >99%",500 mg,539
None,10 mg,42
None,100 mg,142
None,200 mg,249
None,25 mg,61
None,50 mg,93
None,500 mg,539
"C-3987 Calyculin A, >98%",1 mg,"1,675"
"C-1201 Canertinib, Dihydrochloride Salt, >99%",10 mg,29
"C-1201 Canertinib, Dihydrochloride Salt, >99%",100 mg,114
"C-1201 Canertinib, Dihydrochloride Salt, >99%",200 mg,197
"C-1201 Canertinib, Dihydrochloride Salt, >99%",25 mg,48
"C-1201 Canertinib, Dihydrochloride Salt, >99%",50 mg,77
"C-3022 Carfilzomib, Free Base, >99%",10 mg,49
"C-3022 Carfilzomib, Free Base, >99%",100 mg,162
"C-3022 Carfilzomib, Free Base, >99%",200 mg,285
"C-3022 Carfilzomib, Free Base, >99%",25 mg,73
"C-3022 Carfilzomib, Free Base, >99%",5 mg,38
"C-3022 Carfilzomib, Free Base, >99%",50 mg,99
"C-2662 Carnosic Acid, Free Acid, >99%",100 mg,179
"C-2662 Carnosic Acid, Free Acid, >99%",25 mg,77
"C-2662 Carnosic Acid, Free Acid, >99%",250 mg,365
"C-2662 Carnosic Acid, Free Acid, >99%",50 mg,119
"C-2662 Carnosic Acid, Free Acid, >99%",500 mg,488
"C-4300 Cediranib, Free Base, >99%",10 mg,97
"C-4300 Cediranib, Free Base, >99%",100 mg,276
"C-4300 Cediranib, Free Base, >99%",200 mg,515
"C-4300 Cediranib, Free Base, >99%",25 mg,135
"C-4300 Cediranib, Free Base, >99%",300 mg,720
"C-4300 Cediranib, Free Base, >99%",5 mg,62
"C-4300 Cediranib, Free Base, >99%",50 mg,195
"C-1502 Celecoxib, >99%",300 mg,57
"C-2086 Ceritinib, Free Base, >99%",10 mg,81
"C-2086 Ceritinib, Free Base, >99%",100 mg,355
"C-2086 Ceritinib, Free Base, >99%",200 mg,533
"C-2086 Ceritinib, Free Base, >99%",25 mg,133
"C-2086 Ceritinib, Free Base, >99%",5 mg,59
"C-2086 Ceritinib, Free Base, >99%",50 mg,222
"C-2086 Ceritinib, Free Base, >99%",500 mg,875
"C-6556 CHIR99021, Free Base, >99%",10 mg,105
"C-6556 CHIR99021, Free Base, >99%",100 mg,432
"C-6556 CHIR99021, Free Base, >99%",2 mg,32
"C-6556 CHIR99021, Free Base, >99%",200 mg,685
"C-6556 CHIR99021, Free Base, >99%",25 mg,164
"C-6556 CHIR99021, Free Base, >99%",5 mg,67
"C-6556 CHIR99021, Free Base, >99%",50 mg,275
"C-2606 CI-994, Free Base, >99%",100 mg,89
"C-2606 CI-994, Free Base, >99%",300 mg,188
"C-2606 CI-994, Free Base, >99%",50 mg,63
"C-7900 Crizotinib, Free Base, >99%",10 mg,47
"C-7900 Crizotinib, Free Base, >99%",100 mg,139
"C-7900 Crizotinib, Free Base, >99%",200 mg,265
"C-7900 Crizotinib, Free Base, >99%",25 mg,64
"C-7900 Crizotinib, Free Base, >99%",5 mg,33
"C-7900 Crizotinib, Free Base, >99%",50 mg,92
"C-7900 Crizotinib, Free Base, >99%",500 mg,498
"C-8700 Cyclopamine, Free Base, >99%",10 mg,66
"C-8700 Cyclopamine, Free Base, >99%",100 mg,237
"C-8700 Cyclopamine, Free Base, >99%",25 mg,84
"C-8700 Cyclopamine, Free Base, >99%",300 mg,618
"C-8700 Cyclopamine, Free Base, >99%",50 mg,152
"C-8700 Cyclopamine, Free Base, >99%",500 mg,675
"D-5678 Dabrafenib, Free Base, >99%",10 mg,72
"D-5678 Dabrafenib, Free Base, >99%",100 mg,249
"D-5678 Dabrafenib, Free Base, >99%",200 mg,365
"D-5678 Dabrafenib, Free Base, >99%",25 mg,118
"D-5678 Dabrafenib, Free Base, >99%",5 mg,43
"D-5678 Dabrafenib, Free Base, >99%",50 mg,162
"D-5678 Dabrafenib, Free Base, >99%",500 mg,725
"D-5699 Dabrafenib, Methanesulfonate Salt, >99%",10 mg,72
"D-5699 Dabrafenib, Methanesulfonate Salt, >99%",100 mg,249
"D-5699 Dabrafenib, Methanesulfonate Salt, >99%",200 mg,365
"D-5699 Dabrafenib, Methanesulfonate Salt, >99%",25 mg,118
"D-5699 Dabrafenib, Methanesulfonate Salt, >99%",5 mg,43
"D-5699 Dabrafenib, Methanesulfonate Salt, >99%",50 mg,162
"D-5699 Dabrafenib, Methanesulfonate Salt, >99%",500 mg,725
"D-7878 Daidzin, >99%",100 mg,86
"D-7878 Daidzin, >99%",25 mg,37
"D-7878 Daidzin, >99%",300 mg,144
"D-7878 Daidzin, >99%",50 mg,48
"D-7878 Daidzin, >99%",500 mg,196
"D-3307 Dasatinib, Free Base, >99%",500 mg,42
"D-3899 Decitabine, Free Base, >99%",100 mg,77
"D-3899 Decitabine, Free Base, >99%",200 mg,121
"D-3899 Decitabine, Free Base, >99%",250 mg,139
"D-3899 Decitabine, Free Base, >99%",50 mg,52
"D-3899 Decitabine, Free Base, >99%",500 mg,222
"D-4011 Delanzomib, Free Base, >99%",1 mg,79
"D-4011 Delanzomib, Free Base, >99%",10 mg,246
"D-4011 Delanzomib, Free Base, >99%",100 mg,"1,140"
"D-4011 Delanzomib, Free Base, >99%",200 mg,"1,825"
"D-4011 Delanzomib, Free Base, >99%",25 mg,489
"D-4011 Delanzomib, Free Base, >99%",5 mg,188
"D-4011 Delanzomib, Free Base, >99%",50 mg,685
"D-3440 17-DMAG, Hydrochloride Salt, >99%",100 mg,87
"D-3440 17-DMAG, Hydrochloride Salt, >99%",25 mg,42
"D-3440 17-DMAG, Hydrochloride Salt, >99%",250 mg,198
"D-3440 17-DMAG, Hydrochloride Salt, >99%",500 mg,262
"D-1000 Docetaxel, >99%",100 mg,41
"D-1000 Docetaxel, >99%",250 mg,72
"D-1000 Docetaxel, >99%",500 mg,116
"D-2744 Doramapimod, Free Base, >99%",100 mg,185
"D-2744 Doramapimod, Free Base, >99%",200 mg,330
"D-2744 Doramapimod, Free Base, >99%",25 mg,78
"D-2744 Doramapimod, Free Base, >99%",50 mg,137
"D-2744 Doramapimod, Free Base, >99%",500 mg,680
"D-3456 Dorsomorphin, Dihydrochloride Salt, >99%",10 mg,69
"D-3456 Dorsomorphin, Dihydrochloride Salt, >99%",100 mg,423
"D-3456 Dorsomorphin, Dihydrochloride Salt, >99%",25 mg,131
"D-3456 Dorsomorphin, Dihydrochloride Salt, >99%",250 mg,715
"D-3456 Dorsomorphin, Dihydrochloride Salt, >99%",300 mg,837
"D-3456 Dorsomorphin, Dihydrochloride Salt, >99%",5 mg,45
"D-3456 Dorsomorphin, Dihydrochloride Salt, >99%",50 mg,235
"D-3456 Dorsomorphin, Dihydrochloride Salt, >99%",500 mg,"1,240"
"D-3197 Dorsomorphin, Free Base, >99%",10 mg,69
"D-3197 Dorsomorphin, Free Base, >99%",100 mg,423
"D-3197 Dorsomorphin, Free Base, >99%",25 mg,131
"D-3197 Dorsomorphin, Free Base, >99%",250 mg,715
"D-3197 Dorsomorphin, Free Base, >99%",300 mg,837
"D-3197 Dorsomorphin, Free Base, >99%",5 mg,45
"D-3197 Dorsomorphin, Free Base, >99%",50 mg,235
"D-3197 Dorsomorphin, Free Base, >99%",500 mg,"1,240"
"D-3608 Dovitinib, Free Base, >99%",10 mg,85
"D-3608 Dovitinib, Free Base, >99%",100 mg,445
"D-3608 Dovitinib, Free Base, >99%",200 mg,790
"D-3608 Dovitinib, Free Base, >99%",25 mg,175
"D-3608 Dovitinib, Free Base, >99%",50 mg,266
"D-3608 Dovitinib, Free Base, >99%",500 mg,"1,350"
"D-3699 Dovitinib, Lactate Salt, >99%",10 mg,85
"D-3699 Dovitinib, Lactate Salt, >99%",100 mg,445
"D-3699 Dovitinib, Lactate Salt, >99%",200 mg,790
"D-3699 Dovitinib, Lactate Salt, >99%",25 mg,175
"D-3699 Dovitinib, Lactate Salt, >99%",50 mg,266
"D-3699 Dovitinib, Lactate Salt, >99%",500 mg,"1,350"
"D-4099 Doxorubicin, Free Base, >99%",100 mg,82
"D-4099 Doxorubicin, Free Base, >99%",200 mg,138
"D-4099 Doxorubicin, Free Base, >99%",25 mg,48
"D-4099 Doxorubicin, Free Base, >99%",250 mg,159
"D-4099 Doxorubicin, Free Base, >99%",50 mg,63
"D-4099 Doxorubicin, Free Base, >99%",500 mg,234
"D-4000 Doxorubicin, Hydrochloride Salt, >99%",100 mg,82
"D-4000 Doxorubicin, Hydrochloride Salt, >99%",200 mg,138
"D-4000 Doxorubicin, Hydrochloride Salt, >99%",25 mg,48
"D-4000 Doxorubicin, Hydrochloride Salt, >99%",250 mg,159
"D-4000 Doxorubicin, Hydrochloride Salt, >99%",50 mg,63
"D-4000 Doxorubicin, Hydrochloride Salt, >99%",500 mg,234
"D-8147 Duvelisib, Free Base, >99%",10 mg,99
"D-8147 Duvelisib, Free Base, >99%",100 mg,415
"D-8147 Duvelisib, Free Base, >99%",200 mg,675
"D-8147 Duvelisib, Free Base, >99%",25 mg,158
"D-8147 Duvelisib, Free Base, >99%",5 mg,67
"D-8147 Duvelisib, Free Base, >99%",50 mg,237
"D-8147 Duvelisib, Free Base, >99%",500 mg,"1,480"
"E-3866 Entinostat, Free Base, >99%",100 mg,159
"E-3866 Entinostat, Free Base, >99%",200 mg,246
"E-3866 Entinostat, Free Base, >99%",25 mg,69
"E-3866 Entinostat, Free Base, >99%",50 mg,107
"E-4506 Enzastaurin, Free Base, >99%",10 mg,64
"E-4506 Enzastaurin, Free Base, >99%",100 mg,388
"E-4506 Enzastaurin, Free Base, >99%",200 mg,682
"E-4506 Enzastaurin, Free Base, >99%",25 mg,118
"E-4506 Enzastaurin, Free Base, >99%",300 mg,890
"E-4506 Enzastaurin, Free Base, >99%",50 mg,212
"E-8000 Epirubicin, Hydrochloride Salt, >99%",10 mg,86
"E-8000 Epirubicin, Hydrochloride Salt, >99%",100 mg,358
"E-8000 Epirubicin, Hydrochloride Salt, >99%",200 mg,562
"E-8000 Epirubicin, Hydrochloride Salt, >99%",25 mg,178
"E-8000 Epirubicin, Hydrochloride Salt, >99%",5 mg,53
"E-8000 Epirubicin, Hydrochloride Salt, >99%",50 mg,275
"E-8000 Epirubicin, Hydrochloride Salt, >99%",500 mg,"1,180"
"E-5500 Epothilone B, Free Base, >99%",1 mg,32
"E-5500 Epothilone B, Free Base, >99%",10 mg,117
"E-5500 Epothilone B, Free Base, >99%",100 mg,678
"E-5500 Epothilone B, Free Base, >99%",2 mg,51
"E-5500 Epothilone B, Free Base, >99%",200 mg,"1,130"
"E-5500 Epothilone B, Free Base, >99%",25 mg,244
"E-5500 Epothilone B, Free Base, >99%",300 mg,"1,611"
"E-5500 Epothilone B, Free Base, >99%",5 mg,73
"E-5500 Epothilone B, Free Base, >99%",50 mg,416
"E-5500 Epothilone B, Free Base, >99%",500 mg,"2,550"
"E-5880 (R,S)-Equol, >99%",100 mg,64
"E-5880 (R,S)-Equol, >99%",300 mg,172
"E-5880 (R,S)-Equol, >99%",500 mg,225
"E-4997 Erlotinib, Free Base, >99%",500 mg,37
"E-4007 Erlotinib, Hydrochloride Salt, >99%",500 mg,37
"E-4488 Etoposide, >99%",100 mg,44
"E-4488 Etoposide, >99%",250 mg,87
"E-4488 Etoposide, >99%",500 mg,136
"E-4444 Etoposide 4'-Phosphate, Free Acid, >99%",100 mg,187
"E-4444 Etoposide 4'-Phosphate, Free Acid, >99%",25 mg,84
"E-4444 Etoposide 4'-Phosphate, Free Acid, >99%",300 mg,245
"E-4444 Etoposide 4'-Phosphate, Free Acid, >99%",500 mg,315
"E-4040 Everolimus, >99%",10 mg,72
"E-4040 Everolimus, >99%",100 mg,298
"E-4040 Everolimus, >99%",25 mg,129
"E-4040 Everolimus, >99%",250 mg,665
"E-4040 Everolimus, >99%",300 mg,755
"E-4040 Everolimus, >99%",5 mg,43
"E-4040 Everolimus, >99%",50 mg,194
"E-4040 Everolimus, >99%",500 mg,"1,130"
"F-4660 Fasudil, Monohydrochloride Salt, >99%",250 mg,38
"F-4660 Fasudil, Monohydrochloride Salt, >99%",500 mg,51
"F-4077 Fenretinide, >99%",10 mg,39
"F-4077 Fenretinide, >99%",100 mg,121
"F-4077 Fenretinide, >99%",25 mg,64
"F-4077 Fenretinide, >99%",250 mg,233
"F-4077 Fenretinide, >99%",50 mg,89
"F-4077 Fenretinide, >99%",500 mg,335
"F-4633 Fingolimod, Hydrochloride Salt, >99%",100 mg,48
"F-4633 Fingolimod, Hydrochloride Salt, >99%",200 mg,87
"F-4633 Fingolimod, Hydrochloride Salt, >99%",300 mg,122
"F-4633 Fingolimod, Hydrochloride Salt, >99%",500 mg,174
"F-4900 FK-506, >99%",100 mg,119
"F-4900 FK-506, >99%",200 mg,175
"F-4900 FK-506, >99%",50 mg,67
"F-4900 FK-506, >99%",500 mg,298
"F-4185 Foretinib, Free Base, >99%",10 mg,63
"F-4185 Foretinib, Free Base, >99%",100 mg,389
"F-4185 Foretinib, Free Base, >99%",200 mg,735
"F-4185 Foretinib, Free Base, >99%",25 mg,131
"F-4185 Foretinib, Free Base, >99%",5 mg,47
"F-4185 Foretinib, Free Base, >99%",50 mg,222
"F-4185 Foretinib, Free Base, >99%",500 mg,"1,680"
"F-9929 Forskolin, >99%",100 mg,132
"F-9929 Forskolin, >99%",300 mg,325
"F-9929 Forskolin, >99%",50 mg,77
"G-9277 GDC-0941, Dimethanesulfonate Salt, >99%",100 mg,129
"G-9277 GDC-0941, Dimethanesulfonate Salt, >99%",200 mg,217
"G-9277 GDC-0941, Dimethanesulfonate Salt, >99%",25 mg,42
"G-9277 GDC-0941, Dimethanesulfonate Salt, >99%",50 mg,76
"G-9277 GDC-0941, Dimethanesulfonate Salt, >99%",500 mg,495
"G-9252 GDC-0941, Free Base, >99%",100 mg,129
"G-9252 GDC-0941, Free Base, >99%",200 mg,217
"G-9252 GDC-0941, Free Base, >99%",25 mg,42
"G-9252 GDC-0941, Free Base, >99%",50 mg,76
"G-9252 GDC-0941, Free Base, >99%",500 mg,495
"G-4500 Geldanamycin, >99%",100 mg,118
"G-4500 Geldanamycin, >99%",25 mg,67
"G-4500 Geldanamycin, >99%",250 mg,198
"G-4500 Geldanamycin, >99%",50 mg,85
"G-4199 Gemcitabine, Free Base, >99%",100 mg,43
"G-4199 Gemcitabine, Free Base, >99%",300 mg,60
"G-4199 Gemcitabine, Free Base, >99%",500 mg,88
"G-4177 Gemcitabine, Hydrochloride Salt, >99%",100 mg,43
"G-4177 Gemcitabine, Hydrochloride Salt, >99%",300 mg,60
"G-4177 Gemcitabine, Hydrochloride Salt, >99%",500 mg,88
"G-5200 Genistin, >99%",100 mg,129
"G-5200 Genistin, >99%",25 mg,56
"G-5200 Genistin, >99%",300 mg,198
"G-5200 Genistin, >99%",50 mg,83
"G-5200 Genistin, >99%",500 mg,299
"G-1152 Glycitein, >99%",10 mg,68
"G-1152 Glycitein, >99%",100 mg,342
"G-1152 Glycitein, >99%",25 mg,132
"G-1152 Glycitein, >99%",250 mg,590
"G-1152 Glycitein, >99%",5 mg,39
"G-1152 Glycitein, >99%",50 mg,230
"G-1152 Glycitein, >99%",500 mg,835
"G-2822 Glycitin, >99%",10 mg,49
"G-2822 Glycitin, >99%",100 mg,164
"G-2822 Glycitin, >99%",25 mg,73
"G-2822 Glycitin, >99%",250 mg,365
"G-2822 Glycitin, >99%",5 mg,38
"G-2822 Glycitin, >99%",50 mg,117
"G-2822 Glycitin, >99%",500 mg,660
"G-6203 Gö 6976, >99%",1 mg,117
"G-6203 Gö 6976, >99%",10 mg,920
"G-6203 Gö 6976, >99%",25 mg,"2,250"
"G-6203 Gö 6976, >99%",5 mg,470
"G-7700 Gö 6983, Free Base, >99%",1 mg,34
"G-7700 Gö 6983, Free Base, >99%",10 mg,126
"G-7700 Gö 6983, Free Base, >99%",100 mg,690
"G-7700 Gö 6983, Free Base, >99%",25 mg,247
"G-7700 Gö 6983, Free Base, >99%",5 mg,78
"G-7700 Gö 6983, Free Base, >99%",50 mg,415
"G-5903 GW2580, Free Base, >99%",100 mg,94
"G-5903 GW2580, Free Base, >99%",300 mg,225
"G-4789 GW501516, Free Acid, >99%",1 mg,38
"G-4789 GW501516, Free Acid, >99%",10 mg,78
"G-4789 GW501516, Free Acid, >99%",100 mg,490
"G-4789 GW501516, Free Acid, >99%",25 mg,155
"G-4789 GW501516, Free Acid, >99%",300 mg,744
"G-4789 GW501516, Free Acid, >99%",5 mg,49
"G-4789 GW501516, Free Acid, >99%",500 mg,"1,120"
"H-5239 H-89, Dihydrochloride Salt, >99%",10 mg,57
"H-5239 H-89, Dihydrochloride Salt, >99%",100 mg,399
"H-5239 H-89, Dihydrochloride Salt, >99%",25 mg,119
"H-5239 H-89, Dihydrochloride Salt, >99%",300 mg,975
"H-2330 HA-1077, Dihydrochloride Salt, >99%",250 mg,38
"H-2330 HA-1077, Dihydrochloride Salt, >99%",500 mg,51
"I-3311 Ibrutinib, Free Base, >99%",10 mg,71
"I-3311 Ibrutinib, Free Base, >99%",100 mg,268
"I-3311 Ibrutinib, Free Base, >99%",200 mg,427
"I-3311 Ibrutinib, Free Base, >99%",25 mg,114
"I-3311 Ibrutinib, Free Base, >99%",5 mg,52
"I-3311 Ibrutinib, Free Base, >99%",50 mg,167
"I-3311 Ibrutinib, Free Base, >99%",500 mg,727
"I-7447 Idelalisib, Free Base, >99%",10 mg,62
"I-7447 Idelalisib, Free Base, >99%",100 mg,259
"I-7447 Idelalisib, Free Base, >99%",200 mg,438
"I-7447 Idelalisib, Free Base, >99%",25 mg,99
"I-7447 Idelalisib, Free Base, >99%",50 mg,169
"I-7447 Idelalisib, Free Base, >99%",500 mg,739
"I-5577 Imatinib, Free Base, >99%",500 mg,38
"I-5508 Imatinib, Methanesulfonate Salt, >99%",500 mg,38
"I-1711 (-)-Indolactam V, >99%",1 mg,63
"I-1711 (-)-Indolactam V, >99%",10 mg,287
"I-1711 (-)-Indolactam V, >99%",100 mg,"1,140"
"I-1711 (-)-Indolactam V, >99%",25 mg,560
"I-1711 (-)-Indolactam V, >99%",300 mg,"2,160"
"I-1711 (-)-Indolactam V, >99%",5 mg,179
"I-1711 (-)-Indolactam V, >99%",50 mg,840
"I-8560 Ingenol, >99%",1 mg,35
"I-8560 Ingenol, >99%",10 mg,249
"I-8560 Ingenol, >99%",100 mg,995
"I-8560 Ingenol, >99%",25 mg,445
"I-8560 Ingenol, >99%",300 mg,"1,890"
"I-8560 Ingenol, >99%",5 mg,162
"I-8560 Ingenol, >99%",50 mg,690
"I-5900 Ingenol 3-Angelate, >99%",1 mg,63
"I-5900 Ingenol 3-Angelate, >99%",10 mg,332
"I-5900 Ingenol 3-Angelate, >99%",100 mg,"1,540"
"I-5900 Ingenol 3-Angelate, >99%",25 mg,565
"I-5900 Ingenol 3-Angelate, >99%",5 mg,196
"I-5900 Ingenol 3-Angelate, >99%",50 mg,884
"I-9000 Ingenol 3-Angelate 20-Acetate, 99%",1 mg,76
"I-9000 Ingenol 3-Angelate 20-Acetate, 99%",10 mg,355
"I-9000 Ingenol 3-Angelate 20-Acetate, 99%",25 mg,598
"I-9000 Ingenol 3-Angelate 20-Acetate, 99%",5 mg,225
"I-9922 Ingenol 3-Hexanoate, 99%",1 mg,57
"I-9922 Ingenol 3-Hexanoate, 99%",10 mg,289
"I-9922 Ingenol 3-Hexanoate, 99%",100 mg,"1,385"
"I-9922 Ingenol 3-Hexanoate, 99%",200 mg,"2,175"
"I-9922 Ingenol 3-Hexanoate, 99%",25 mg,499
"I-9922 Ingenol 3-Hexanoate, 99%",5 mg,176
"I-9922 Ingenol 3-Hexanoate, 99%",50 mg,792
"I-3344 INK128, Free Base, >99%",1 mg,32
"I-3344 INK128, Free Base, >99%",10 mg,97
"I-3344 INK128, Free Base, >99%",100 mg,465
"I-3344 INK128, Free Base, >99%",200 mg,694
"I-3344 INK128, Free Base, >99%",25 mg,177
"I-3344 INK128, Free Base, >99%",5 mg,69
"I-3344 INK128, Free Base, >99%",50 mg,262
"I-6800 Ionomycin, Calcium Salt, >99%",10 mg,105
"I-6800 Ionomycin, Calcium Salt, >99%",100 mg,832
"I-6800 Ionomycin, Calcium Salt, >99%",25 mg,238
"I-6800 Ionomycin, Calcium Salt, >99%",5 mg,59
"I-5700 Ionomycin, Free Acid, >99%",1 mg,17
"I-5700 Ionomycin, Free Acid, >99%",10 mg,146
"I-5700 Ionomycin, Free Acid, >99%",25 mg,298
"I-5700 Ionomycin, Free Acid, >99%",5 mg,79
"I-4122 Irinotecan, Hydrochloride Salt, Trihydrate, >99%",100 mg,59
"I-4122 Irinotecan, Hydrochloride Salt, Trihydrate, >99%",200 mg,97
"I-4122 Irinotecan, Hydrochloride Salt, Trihydrate, >99%",250 mg,115
"I-4122 Irinotecan, Hydrochloride Salt, Trihydrate, >99%",500 mg,199
"I-5890 Isoliquiritigenin, >99%",100 mg,82
"I-5890 Isoliquiritigenin, >99%",200 mg,137
"I-5890 Isoliquiritigenin, >99%",25 mg,33
"I-5890 Isoliquiritigenin, >99%",50 mg,49
"I-5890 Isoliquiritigenin, >99%",500 mg,285
"I-5022 Ixabepilone, Free Base, >99%",1 mg,129
"I-5022 Ixabepilone, Free Base, >99%",10 mg,492
"I-5022 Ixabepilone, Free Base, >99%",25 mg,995
"I-5022 Ixabepilone, Free Base, >99%",5 mg,315
"I-5022 Ixabepilone, Free Base, >99%",50 mg,"1,660"
"J-4567 JNJ-10198409, Free Base, >99%",1 mg,19
"J-4567 JNJ-10198409, Free Base, >99%",10 mg,129
"J-4567 JNJ-10198409, Free Base, >99%",100 mg,692
"J-4567 JNJ-10198409, Free Base, >99%",25 mg,255
"J-4567 JNJ-10198409, Free Base, >99%",300 mg,"1,140"
"J-4567 JNJ-10198409, Free Base, >99%",5 mg,78
"J-4567 JNJ-10198409, Free Base, >99%",50 mg,418
"K-2151 K252a, >99%",10 mg,119
"K-2151 K252a, >99%",100 mg,662
"K-2151 K252a, >99%",25 mg,246
"K-2151 K252a, >99%",250 mg,"1,185"
"K-2151 K252a, >99%",5 mg,74
"K-2151 K252a, >99%",50 mg,414
"K-2151 K252a, >99%",500 mg,"1,780"
"K-9609 K252c, >99%",1 mg,47
"K-9609 K252c, >99%",10 mg,335
"K-9609 K252c, >99%",25 mg,692
"K-9609 K252c, >99%",5 mg,194
"K-5050 KU-55933, >99%",10 mg,69
"K-5050 KU-55933, >99%",100 mg,392
"K-5050 KU-55933, >99%",200 mg,645
"K-5050 KU-55933, >99%",25 mg,145
"K-5050 KU-55933, >99%",5 mg,52
"K-5050 KU-55933, >99%",50 mg,221
"L-4804 Lapatinib, Di-p-Toluenesulfonate Salt, >99%",100 mg,33
"L-4804 Lapatinib, Di-p-Toluenesulfonate Salt, >99%",200 mg,59
"L-4804 Lapatinib, Di-p-Toluenesulfonate Salt, >99%",300 mg,93
"L-4804 Lapatinib, Di-p-Toluenesulfonate Salt, >99%",500 mg,119
"L-4899 Lapatinib, Free Base, >99%",100 mg,33
"L-4899 Lapatinib, Free Base, >99%",200 mg,59
"L-4899 Lapatinib, Free Base, >99%",300 mg,93
"L-4899 Lapatinib, Free Base, >99%",500 mg,119
"L-9888 Leelamine, Free Base, >99%",100 mg,77
"L-9888 Leelamine, Free Base, >99%",200 mg,129
"L-9888 Leelamine, Free Base, >99%",50 mg,46
"L-9888 Leelamine, Free Base, >99%",500 mg,273
"L-9876 Leelamine, Hydrochloride Salt, >99%",100 mg,77
"L-9876 Leelamine, Hydrochloride Salt, >99%",200 mg,129
"L-9876 Leelamine, Hydrochloride Salt, >99%",50 mg,46
"L-9876 Leelamine, Hydrochloride Salt, >99%",500 mg,273
"L-6100 Leptomycin B, Free Acid, >99%",1 mg,585
"L-6307 Lestaurtinib, >99%",1 mg,69
"L-6307 Lestaurtinib, >99%",100 mg,998
"L-6307 Lestaurtinib, >99%",25 mg,355
"L-6307 Lestaurtinib, >99%",300 mg,"1,740"
"L-6307 Lestaurtinib, >99%",5 mg,138
"L-6307 Lestaurtinib, >99%",50 mg,595
"L-5814 Linsitinib, Free Base, >99%",10 mg,57
"L-5814 Linsitinib, Free Base, >99%",100 mg,234
"L-5814 Linsitinib, Free Base, >99%",200 mg,377
"L-5814 Linsitinib, Free Base, >99%",25 mg,113
"L-5814 Linsitinib, Free Base, >99%",300 mg,492
"L-5814 Linsitinib, Free Base, >99%",5 mg,48
"L-5814 Linsitinib, Free Base, >99%",50 mg,157
"L-5814 Linsitinib, Free Base, >99%",500 mg,740
"L-7962 LY 294002, Free Base, >99%",100 mg,76
"L-7962 LY 294002, Free Base, >99%",200 mg,133
"L-7962 LY 294002, Free Base, >99%",300 mg,183
"L-7962 LY 294002, Free Base, >99%",50 mg,40
"L-7962 LY 294002, Free Base, >99%",500 mg,287
"L-7988 LY 294002, Hydrochloride Salt, >99%",100 mg,76
"L-7988 LY 294002, Hydrochloride Salt, >99%",200 mg,133
"L-7988 LY 294002, Hydrochloride Salt, >99%",300 mg,183
"L-7988 LY 294002, Hydrochloride Salt, >99%",50 mg,40
"L-7988 LY 294002, Hydrochloride Salt, >99%",500 mg,287
"M-6730 6""-O-Malonyldaidzin, Free Acid, >98%",1 mg,59
"M-6730 6""-O-Malonyldaidzin, Free Acid, >98%",10 mg,295
"M-6730 6""-O-Malonyldaidzin, Free Acid, >98%",25 mg,555
"M-6730 6""-O-Malonyldaidzin, Free Acid, >98%",5 mg,185
"M-8090 6""-O-Malonylgenistin, Free Acid, >98%",1 mg,59
"M-8090 6""-O-Malonylgenistin, Free Acid, >98%",10 mg,295
"M-8090 6""-O-Malonylgenistin, Free Acid, >98%",25 mg,555
"M-8090 6""-O-Malonylgenistin, Free Acid, >98%",5 mg,185
"M-4620 6""-O-Malonylglycitin, Free Acid, >98%",1 mg,65
"M-4620 6""-O-Malonylglycitin, Free Acid, >98%",10 mg,310
"M-4620 6""-O-Malonylglycitin, Free Acid, >98%",25 mg,590
"M-4620 6""-O-Malonylglycitin, Free Acid, >98%",5 mg,185
"M-7007 Masitinib, Free Base, >99%",10 mg,37
"M-7007 Masitinib, Free Base, >99%",100 mg,169
"M-7007 Masitinib, Free Base, >99%",200 mg,213
"M-7007 Masitinib, Free Base, >99%",25 mg,72
"M-7007 Masitinib, Free Base, >99%",300 mg,267
"M-7007 Masitinib, Free Base, >99%",50 mg,112
"M-7007 Masitinib, Free Base, >99%",500 mg,410
"M-2433 Mocetinostat, Free Base, >99%",10 mg,42
"M-2433 Mocetinostat, Free Base, >99%",100 mg,159
"M-2433 Mocetinostat, Free Base, >99%",200 mg,287
"M-2433 Mocetinostat, Free Base, >99%",25 mg,58
"M-2433 Mocetinostat, Free Base, >99%",50 mg,99
"M-2433 Mocetinostat, Free Base, >99%",500 mg,497
"M-2999 Motesanib, Diphosphate Salt, >99%",10 mg,36
"M-2999 Motesanib, Diphosphate Salt, >99%",100 mg,198
"M-2999 Motesanib, Diphosphate Salt, >99%",200 mg,367
"M-2999 Motesanib, Diphosphate Salt, >99%",25 mg,75
"M-2999 Motesanib, Diphosphate Salt, >99%",50 mg,112
"M-2999 Motesanib, Diphosphate Salt, >99%",500 mg,860
"M-2900 Motesanib, Free Base, 99%",10 mg,36
"M-2900 Motesanib, Free Base, 99%",100 mg,198
"M-2900 Motesanib, Free Base, 99%",200 mg,367
"M-2900 Motesanib, Free Base, 99%",25 mg,75
"M-2900 Motesanib, Free Base, 99%",50 mg,112
"M-2900 Motesanib, Free Base, 99%",500 mg,860
"N-3883 Nelfinavir, Methanesulfonate Salt, >99%",10 mg,45
"N-3883 Nelfinavir, Methanesulfonate Salt, >99%",100 mg,236
"N-3883 Nelfinavir, Methanesulfonate Salt, >99%",200 mg,372
"N-3883 Nelfinavir, Methanesulfonate Salt, >99%",25 mg,93
"N-3883 Nelfinavir, Methanesulfonate Salt, >99%",50 mg,164
"N-3883 Nelfinavir, Methanesulfonate Salt, >99%",500 mg,655
"N-6404 Neratinib, Free Base, >99%",10 mg,76
"N-6404 Neratinib, Free Base, >99%",100 mg,238
"N-6404 Neratinib, Free Base, >99%",200 mg,438
"N-6404 Neratinib, Free Base, >99%",25 mg,99
"N-6404 Neratinib, Free Base, >99%",5 mg,49
"N-6404 Neratinib, Free Base, >99%",50 mg,147
"N-6404 Neratinib, Free Base, >99%",500 mg,672
"N-8207 Nilotinib, Free Base, >99%",100 mg,48
"N-8207 Nilotinib, Free Base, >99%",250 mg,72
"N-8207 Nilotinib, Free Base, >99%",300 mg,81
"N-8207 Nilotinib, Free Base, >99%",500 mg,128
"N-9055 Nintedanib, Ethanesulfonate Salt, >99%",100 mg,142
"N-9055 Nintedanib, Ethanesulfonate Salt, >99%",200 mg,252
"N-9055 Nintedanib, Ethanesulfonate Salt, >99%",25 mg,64
"N-9055 Nintedanib, Ethanesulfonate Salt, >99%",50 mg,89
"N-9055 Nintedanib, Ethanesulfonate Salt, >99%",500 mg,497
"N-9077 Nintedanib, Free Base, >99%",100 mg,142
"N-9077 Nintedanib, Free Base, >99%",200 mg,252
"N-9077 Nintedanib, Free Base, >99%",25 mg,64
"N-9077 Nintedanib, Free Base, >99%",50 mg,89
"N-9077 Nintedanib, Free Base, >99%",500 mg,497
"N-5300 NVP-AUY922, >99%",10 mg,71
"N-5300 NVP-AUY922, >99%",100 mg,345
"N-5300 NVP-AUY922, >99%",200 mg,484
"N-5300 NVP-AUY922, >99%",25 mg,152
"N-5300 NVP-AUY922, >99%",5 mg,55
"N-5300 NVP-AUY922, >99%",50 mg,244
"N-5300 NVP-AUY922, >99%",500 mg,"1,145"
"N-4288 NVP-BEZ235, Free Base, >99%",100 mg,89
"N-4288 NVP-BEZ235, Free Base, >99%",200 mg,142
"N-4288 NVP-BEZ235, Free Base, >99%",25 mg,33
"N-4288 NVP-BEZ235, Free Base, >99%",250 mg,168
"N-4288 NVP-BEZ235, Free Base, >99%",50 mg,48
"N-4288 NVP-BEZ235, Free Base, >99%",500 mg,285
"O-3077 Obatoclax, Methanesulfonate Salt, >99%",10 mg,68
"O-3077 Obatoclax, Methanesulfonate Salt, >99%",100 mg,368
"O-3077 Obatoclax, Methanesulfonate Salt, >99%",200 mg,559
"O-3077 Obatoclax, Methanesulfonate Salt, >99%",25 mg,139
"O-3077 Obatoclax, Methanesulfonate Salt, >99%",5 mg,49
"O-3077 Obatoclax, Methanesulfonate Salt, >99%",50 mg,215
"O-3077 Obatoclax, Methanesulfonate Salt, >99%",500 mg,896
"O-6410 Okadaic Acid, Ammonium Salt, >98%",1 mg,595
"O-2220 Okadaic Acid, Free Acid, >98%",1 mg,595
"O-2220 Okadaic Acid, Free Acid, >98%",2 mg,998
"O-2220 Okadaic Acid, Free Acid, >98%",5 mg,"1,990"
"O-7519 Okadaic Acid, Potassium Salt, >98%",1 mg,595
"O-7519 Okadaic Acid, Potassium Salt, >98%",2 mg,998
"O-7519 Okadaic Acid, Potassium Salt, >98%",5 mg,"1,990"
"O-5857 Okadaic Acid, Sodium Salt, >98%",1 mg,595
"O-5857 Okadaic Acid, Sodium Salt, >98%",2 mg,998
"O-5857 Okadaic Acid, Sodium Salt, >98%",5 mg,"1,990"
"O-9201 Olaparib, >99%",10 mg,38
"O-9201 Olaparib, >99%",100 mg,99
"O-9201 Olaparib, >99%",200 mg,157
"O-9201 Olaparib, >99%",25 mg,49
"O-9201 Olaparib, >99%",250 mg,178
"O-9201 Olaparib, >99%",50 mg,64
"O-9201 Olaparib, >99%",500 mg,261
"O-7111 Oxaliplatin, >99%",300 mg,82
"O-7111 Oxaliplatin, >99%",500 mg,122
"P-9600 Paclitaxel, >99%",100 mg,39
"P-9600 Paclitaxel, >99%",250 mg,78
"P-9600 Paclitaxel, >99%",500 mg,119
"P-7722 Palbociclib, Dihydrochloride Salt, >99%",10 mg,47
"P-7722 Palbociclib, Dihydrochloride Salt, >99%",100 mg,139
"P-7722 Palbociclib, Dihydrochloride Salt, >99%",200 mg,235
"P-7722 Palbociclib, Dihydrochloride Salt, >99%",25 mg,64
"P-7722 Palbociclib, Dihydrochloride Salt, >99%",50 mg,87
"P-7722 Palbociclib, Dihydrochloride Salt, >99%",500 mg,484
"P-7744 Palbociclib, Free Base, >99%",10 mg,47
"P-7744 Palbociclib, Free Base, >99%",100 mg,139
"P-7744 Palbociclib, Free Base, >99%",200 mg,235
"P-7744 Palbociclib, Free Base, >99%",25 mg,64
"P-7744 Palbociclib, Free Base, >99%",50 mg,87
"P-7744 Palbociclib, Free Base, >99%",500 mg,484
"P-7788 Palbociclib, Hydrochloride Salt, >99%",10 mg,47
"P-7788 Palbociclib, Hydrochloride Salt, >99%",100 mg,139
"P-7788 Palbociclib, Hydrochloride Salt, >99%",200 mg,235
"P-7788 Palbociclib, Hydrochloride Salt, >99%",25 mg,64
"P-7788 Palbociclib, Hydrochloride Salt, >99%",50 mg,87
"P-7788 Palbociclib, Hydrochloride Salt, >99%",500 mg,484
"P-7766 Palbociclib, Isethionate Salt, >99%",10 mg,47
"P-7766 Palbociclib, Isethionate Salt, >99%",100 mg,139
"P-7766 Palbociclib, Isethionate Salt, >99%",200 mg,235
"P-7766 Palbociclib, Isethionate Salt, >99%",25 mg,64
"P-7766 Palbociclib, Isethionate Salt, >99%",50 mg,87
"P-7766 Palbociclib, Isethionate Salt, >99%",500 mg,484
"P-3703 Panobinostat, Free Base, >99%",10 mg,61
"P-3703 Panobinostat, Free Base, >99%",100 mg,210
"P-3703 Panobinostat, Free Base, >99%",200 mg,398
"P-3703 Panobinostat, Free Base, >99%",25 mg,92
"P-3703 Panobinostat, Free Base, >99%",250 mg,462
"P-3703 Panobinostat, Free Base, >99%",300 mg,516
"P-3703 Panobinostat, Free Base, >99%",5 mg,42
"P-3703 Panobinostat, Free Base, >99%",50 mg,129
"P-3703 Panobinostat, Free Base, >99%",500 mg,798
"P-6706 Pazopanib, Free Base, >99%",100 mg,129
"P-6706 Pazopanib, Free Base, >99%",200 mg,198
"P-6706 Pazopanib, Free Base, >99%",25 mg,59
"P-6706 Pazopanib, Free Base, >99%",300 mg,272
"P-6706 Pazopanib, Free Base, >99%",50 mg,84
"P-6706 Pazopanib, Free Base, >99%",500 mg,385
"P-6755 Pazopanib, Hydrochloride Salt, >99%",100 mg,129
"P-6755 Pazopanib, Hydrochloride Salt, >99%",200 mg,198
"P-6755 Pazopanib, Hydrochloride Salt, >99%",25 mg,59
"P-6755 Pazopanib, Hydrochloride Salt, >99%",300 mg,272
"P-6755 Pazopanib, Hydrochloride Salt, >99%",50 mg,84
"P-6755 Pazopanib, Hydrochloride Salt, >99%",500 mg,385
"P-3333 PD 173074, Free Base, >99%",10 mg,49
"P-3333 PD 173074, Free Base, >99%",100 mg,226
"P-3333 PD 173074, Free Base, >99%",200 mg,399
"P-3333 PD 173074, Free Base, >99%",25 mg,98
"P-3333 PD 173074, Free Base, >99%",250 mg,486
"P-3333 PD 173074, Free Base, >99%",5 mg,29
"P-3333 PD 173074, Free Base, >99%",50 mg,144
"P-3333 PD 173074, Free Base, >99%",500 mg,928
"P-8499 PD 184352, Free Base, >99%",10 mg,86
"P-8499 PD 184352, Free Base, >99%",100 mg,415
"P-8499 PD 184352, Free Base, >99%",200 mg,625
"P-8499 PD 184352, Free Base, >99%",25 mg,159
"P-8499 PD 184352, Free Base, >99%",50 mg,276
"P-8499 PD 184352, Free Base, >99%",500 mg,"1,325"
"P-9688 PD 325901, Free Base, >99%",10 mg,67
"P-9688 PD 325901, Free Base, >99%",100 mg,292
"P-9688 PD 325901, Free Base, >99%",200 mg,479
"P-9688 PD 325901, Free Base, >99%",25 mg,122
"P-9688 PD 325901, Free Base, >99%",5 mg,44
"P-9688 PD 325901, Free Base, >99%",50 mg,188
"P-9688 PD 325901, Free Base, >99%",500 mg,972
"P-4313 PD 98059, >99%",10 mg,45
"P-4313 PD 98059, >99%",100 mg,198
"P-4313 PD 98059, >99%",200 mg,368
"P-4313 PD 98059, >99%",25 mg,64
"P-4313 PD 98059, >99%",250 mg,425
"P-4313 PD 98059, >99%",300 mg,447
"P-4313 PD 98059, >99%",50 mg,111
"P-4313 PD 98059, >99%",500 mg,699
"P-7177 Pemetrexed, Disodium Salt, Heptahydrate, >99%",250 mg,57
"P-7177 Pemetrexed, Disodium Salt, Heptahydrate, >99%",500 mg,81
"P-6522 Perifosine, >99%",10 mg,99
"P-6522 Perifosine, >99%",100 mg,444
"P-6522 Perifosine, >99%",200 mg,716
"P-6522 Perifosine, >99%",25 mg,178
"P-6522 Perifosine, >99%",5 mg,63
"P-6522 Perifosine, >99%",50 mg,275
"P-6522 Perifosine, >99%",500 mg,"1,130"
"P-1010 Phorbol, >99%",100 mg,195
"P-1010 Phorbol, >99%",25 mg,79
"P-1010 Phorbol, >99%",300 mg,450
"P-1010 Phorbol, >99%",50 mg,132
"P-4833 Phorbol 12,13-Dibutyrate, >99%",1 mg,39
"P-4833 Phorbol 12,13-Dibutyrate, >99%",10 mg,215
"P-4833 Phorbol 12,13-Dibutyrate, >99%",5 mg,121
"P-2170 4α-Phorbol 12,13-Didecanoate, >99%",1 mg,68
"P-2170 4α-Phorbol 12,13-Didecanoate, >99%",10 mg,460
"P-2170 4α-Phorbol 12,13-Didecanoate, >99%",25 mg,925
"P-2170 4α-Phorbol 12,13-Didecanoate, >99%",5 mg,275
"P-1680 Phorbol 12-Myristate 13-Acetate, >99%",1 mg,26
"P-1680 Phorbol 12-Myristate 13-Acetate, >99%",10 mg,169
"P-1680 Phorbol 12-Myristate 13-Acetate, >99%",100 mg,"1,220"
"P-1680 Phorbol 12-Myristate 13-Acetate, >99%",25 mg,339
"P-1680 Phorbol 12-Myristate 13-Acetate, >99%",5 mg,98
"P-9099 PI-103, Free Base, >99%",10 mg,52
"P-9099 PI-103, Free Base, >99%",100 mg,358
"P-9099 PI-103, Free Base, >99%",200 mg,614
"P-9099 PI-103, Free Base, >99%",25 mg,117
"P-9099 PI-103, Free Base, >99%",250 mg,739
"P-9099 PI-103, Free Base, >99%",5 mg,38
"P-9099 PI-103, Free Base, >99%",50 mg,199
"P-9088 PI-103, Hydrochloride Salt, >99%",10 mg,52
"P-9088 PI-103, Hydrochloride Salt, >99%",100 mg,358
"P-9088 PI-103, Hydrochloride Salt, >99%",200 mg,614
"P-9088 PI-103, Hydrochloride Salt, >99%",25 mg,117
"P-9088 PI-103, Hydrochloride Salt, >99%",250 mg,739
"P-9088 PI-103, Hydrochloride Salt, >99%",5 mg,38
"P-9088 PI-103, Hydrochloride Salt, >99%",50 mg,199
"P-7858 PIK-75, Free Base, >99%",10 mg,22
"P-7858 PIK-75, Free Base, >99%",100 mg,128
"P-7858 PIK-75, Free Base, >99%",200 mg,249
"P-7858 PIK-75, Free Base, >99%",25 mg,42
"P-7858 PIK-75, Free Base, >99%",50 mg,75
"P-7050 PIK-75, Hydrochloride Salt, >99%",10 mg,22
"P-7050 PIK-75, Hydrochloride Salt, >99%",100 mg,128
"P-7050 PIK-75, Hydrochloride Salt, >99%",200 mg,249
"P-7050 PIK-75, Hydrochloride Salt, >99%",25 mg,42
"P-7050 PIK-75, Hydrochloride Salt, >99%",50 mg,75
"P-7600 PKC412, >99%",1 mg,51
"P-7600 PKC412, >99%",10 mg,218
"P-7600 PKC412, >99%",100 mg,"1,048"
"P-7600 PKC412, >99%",200 mg,"1,775"
"P-7600 PKC412, >99%",25 mg,425
"P-7600 PKC412, >99%",5 mg,135
"P-7600 PKC412, >99%",50 mg,588
"P-7022 Ponatinib, Free Base, >99%",10 mg,45
"P-7022 Ponatinib, Free Base, >99%",100 mg,123
"P-7022 Ponatinib, Free Base, >99%",200 mg,182
"P-7022 Ponatinib, Free Base, >99%",25 mg,59
"P-7022 Ponatinib, Free Base, >99%",250 mg,210
"P-7022 Ponatinib, Free Base, >99%",50 mg,76
"P-7022 Ponatinib, Free Base, >99%",500 mg,323
"P-6420 PP1, Free Base, >99%",1 mg,39
"P-6420 PP1, Free Base, >99%",10 mg,106
"P-6420 PP1, Free Base, >99%",100 mg,815
"P-6420 PP1, Free Base, >99%",200 mg,"1,490"
"P-6420 PP1, Free Base, >99%",25 mg,252
"P-6420 PP1, Free Base, >99%",5 mg,63
"P-6420 PP1, Free Base, >99%",50 mg,449
"P-6666 PP242, Free Base, >99%",10 mg,34
"P-6666 PP242, Free Base, >99%",100 mg,223
"P-6666 PP242, Free Base, >99%",200 mg,422
"P-6666 PP242, Free Base, >99%",25 mg,67
"P-6666 PP242, Free Base, >99%",250 mg,497
"P-6666 PP242, Free Base, >99%",50 mg,121
"P-6666 PP242, Free Base, >99%",500 mg,836
"P-4462 Prostratin, >99%",1 mg,64
"P-4462 Prostratin, >99%",10 mg,468
"P-4462 Prostratin, >99%",25 mg,995
"P-4462 Prostratin, >99%",5 mg,265
"P-7890 Purvalanol A, Free Base, >99%",10 mg,68
"P-7890 Purvalanol A, Free Base, >99%",100 mg,222
"P-7890 Purvalanol A, Free Base, >99%",25 mg,89
"P-7890 Purvalanol A, Free Base, >99%",300 mg,420
"P-7890 Purvalanol A, Free Base, >99%",50 mg,153
"P-7501 PX-866, >99%",1 mg,59
"P-7501 PX-866, >99%",10 mg,189
"P-7501 PX-866, >99%",100 mg,738
"P-7501 PX-866, >99%",25 mg,359
"P-7501 PX-866, >99%",300 mg,"1,590"
"P-7501 PX-866, >99%",5 mg,135
"Q-4799 Quizartinib, Dihydrochloride Salt, >99%",1 mg,44
"Q-4799 Quizartinib, Dihydrochloride Salt, >99%",10 mg,82
"Q-4799 Quizartinib, Dihydrochloride Salt, >99%",100 mg,342
"Q-4799 Quizartinib, Dihydrochloride Salt, >99%",200 mg,538
"Q-4799 Quizartinib, Dihydrochloride Salt, >99%",25 mg,135
"Q-4799 Quizartinib, Dihydrochloride Salt, >99%",250 mg,640
"Q-4799 Quizartinib, Dihydrochloride Salt, >99%",5 mg,59
"Q-4799 Quizartinib, Dihydrochloride Salt, >99%",50 mg,214
"Q-4799 Quizartinib, Dihydrochloride Salt, >99%",500 mg,"1,120"
"Q-4747 Quizartinib, Free Base, >99%",1 mg,44
"Q-4747 Quizartinib, Free Base, >99%",10 mg,82
"Q-4747 Quizartinib, Free Base, >99%",100 mg,342
"Q-4747 Quizartinib, Free Base, >99%",200 mg,538
"Q-4747 Quizartinib, Free Base, >99%",25 mg,135
"Q-4747 Quizartinib, Free Base, >99%",250 mg,640
"Q-4747 Quizartinib, Free Base, >99%",5 mg,59
"Q-4747 Quizartinib, Free Base, >99%",50 mg,214
"Q-4747 Quizartinib, Free Base, >99%",500 mg,"1,120"
"R-5000 Rapamycin, >99%",100 mg,69
"R-5000 Rapamycin, >99%",200 mg,119
"R-5000 Rapamycin, >99%",250 mg,132
"R-5000 Rapamycin, >99%",300 mg,156
"R-5000 Rapamycin, >99%",50 mg,53
"R-5000 Rapamycin, >99%",500 mg,225
"R-8024 Regorafenib, Free Base, >99%",100 mg,107
"R-8024 Regorafenib, Free Base, >99%",200 mg,178
"R-8024 Regorafenib, Free Base, >99%",25 mg,48
"R-8024 Regorafenib, Free Base, >99%",250 mg,213
"R-8024 Regorafenib, Free Base, >99%",50 mg,69
"R-8024 Regorafenib, Free Base, >99%",500 mg,398
"R-6712 Resiniferatoxin, >99%",1 mg,55
"R-6712 Resiniferatoxin, >99%",10 mg,340
"R-6712 Resiniferatoxin, >99%",25 mg,725
"R-6712 Resiniferatoxin, >99%",5 mg,178
"R-8765 Resiniferonol 9,13,14-Orthophenylacetate, >99%",1 mg,39
"R-8765 Resiniferonol 9,13,14-Orthophenylacetate, >99%",10 mg,239
"R-8765 Resiniferonol 9,13,14-Orthophenylacetate, >99%",100 mg,"1,675"
"R-8765 Resiniferonol 9,13,14-Orthophenylacetate, >99%",25 mg,515
"R-8765 Resiniferonol 9,13,14-Orthophenylacetate, >99%",5 mg,127
"R-7040 Ridaforolimus, >99%",10 mg,56
"R-7040 Ridaforolimus, >99%",100 mg,335
"R-7040 Ridaforolimus, >99%",200 mg,448
"R-7040 Ridaforolimus, >99%",25 mg,125
"R-7040 Ridaforolimus, >99%",5 mg,39
"R-7040 Ridaforolimus, >99%",50 mg,198
"R-7040 Ridaforolimus, >99%",500 mg,898
"R-7117 RITA, >99%",10 mg,83
"R-7117 RITA, >99%",100 mg,268
"R-7117 RITA, >99%",25 mg,122
"R-7117 RITA, >99%",250 mg,548
"R-7117 RITA, >99%",5 mg,49
"R-7117 RITA, >99%",50 mg,192
"R-7117 RITA, >99%",500 mg,944
"R-3692 Rociletinib, Free Base, >99%",10 mg,82
"R-3692 Rociletinib, Free Base, >99%",100 mg,259
"R-3692 Rociletinib, Free Base, >99%",200 mg,435
"R-3692 Rociletinib, Free Base, >99%",25 mg,119
"R-3692 Rociletinib, Free Base, >99%",50 mg,169
"R-3692 Rociletinib, Free Base, >99%",500 mg,815
"R-2020 (R,S)-Rolipram, >99%",10 mg,37
"R-2020 (R,S)-Rolipram, >99%",100 mg,98
"R-2020 (R,S)-Rolipram, >99%",25 mg,51
"R-2020 (R,S)-Rolipram, >99%",300 mg,234
"R-2020 (R,S)-Rolipram, >99%",50 mg,67
"R-1234 Roscovitine, Free Base, >99%",10 mg,58
"R-1234 Roscovitine, Free Base, >99%",100 mg,214
"R-1234 Roscovitine, Free Base, >99%",200 mg,287
"R-1234 Roscovitine, Free Base, >99%",25 mg,82
"R-1234 Roscovitine, Free Base, >99%",300 mg,399
"R-1234 Roscovitine, Free Base, >99%",50 mg,153
"R-6300 Rucaparib, Free Base, >99%",10 mg,117
"R-6300 Rucaparib, Free Base, >99%",100 mg,585
"R-6300 Rucaparib, Free Base, >99%",200 mg,992
"R-6300 Rucaparib, Free Base, >99%",25 mg,214
"R-6300 Rucaparib, Free Base, >99%",5 mg,79
"R-6300 Rucaparib, Free Base, >99%",50 mg,357
"R-6399 Rucaparib, Phosphate Salt, >99%",10 mg,117
"R-6399 Rucaparib, Phosphate Salt, >99%",100 mg,585
"R-6399 Rucaparib, Phosphate Salt, >99%",200 mg,992
"R-6399 Rucaparib, Phosphate Salt, >99%",25 mg,214
"R-6399 Rucaparib, Phosphate Salt, >99%",5 mg,79
"R-6399 Rucaparib, Phosphate Salt, >99%",50 mg,357
"R-6600 Ruxolitinib, Free Base, >99%",10 mg,74
"R-6600 Ruxolitinib, Free Base, >99%",100 mg,249
"R-6600 Ruxolitinib, Free Base, >99%",200 mg,444
"R-6600 Ruxolitinib, Free Base, >99%",25 mg,105
"R-6600 Ruxolitinib, Free Base, >99%",50 mg,147
"R-6600 Ruxolitinib, Free Base, >99%",500 mg,882
"R-6688 Ruxolitinib, Phosphate Salt, >99%",10 mg,74
"R-6688 Ruxolitinib, Phosphate Salt, >99%",100 mg,249
"R-6688 Ruxolitinib, Phosphate Salt, >99%",200 mg,444
"R-6688 Ruxolitinib, Phosphate Salt, >99%",25 mg,105
"R-6688 Ruxolitinib, Phosphate Salt, >99%",50 mg,147
"R-6688 Ruxolitinib, Phosphate Salt, >99%",500 mg,882
"S-8906 Saracatinib, Free Base, >99%",10 mg,52
"S-8906 Saracatinib, Free Base, >99%",100 mg,247
"S-8906 Saracatinib, Free Base, >99%",200 mg,410
"S-8906 Saracatinib, Free Base, >99%",25 mg,93
"S-8906 Saracatinib, Free Base, >99%",50 mg,152
"S-8906 Saracatinib, Free Base, >99%",500 mg,562
"S-1700 SB 202190, Free Base, >99%",100 mg,89
"S-1700 SB 202190, Free Base, >99%",200 mg,169
"S-1700 SB 202190, Free Base, >99%",25 mg,32
"S-1700 SB 202190, Free Base, >99%",50 mg,46
"S-1700 SB 202190, Free Base, >99%",500 mg,375
"S-3400 SB 203580, Free Base, >99%",100 mg,129
"S-3400 SB 203580, Free Base, >99%",200 mg,228
"S-3400 SB 203580, Free Base, >99%",25 mg,55
"S-3400 SB 203580, Free Base, >99%",50 mg,72
"S-3400 SB 203580, Free Base, >99%",500 mg,527
"S-5100 SB 225002, >99%",10 mg,86
"S-5100 SB 225002, >99%",100 mg,550
"S-5100 SB 225002, >99%",25 mg,198
"S-5100 SB 225002, >99%",300 mg,996
"S-5100 SB 225002, >99%",5 mg,49
"S-5100 SB 225002, >99%",50 mg,345
"S-4490 Selumetinib, Free Base, >99%",100 mg,81
"S-4490 Selumetinib, Free Base, >99%",200 mg,139
"S-4490 Selumetinib, Free Base, >99%",25 mg,39
"S-4490 Selumetinib, Free Base, >99%",50 mg,62
"S-4490 Selumetinib, Free Base, >99%",500 mg,269
"S-7272 Sepantronium Bromide, 98%",10 mg,68
"S-7272 Sepantronium Bromide, 98%",100 mg,440
"S-7272 Sepantronium Bromide, 98%",200 mg,742
"S-7272 Sepantronium Bromide, 98%",25 mg,149
"S-7272 Sepantronium Bromide, 98%",5 mg,44
"S-7272 Sepantronium Bromide, 98%",50 mg,270
"S-4699 Sonidegib, Diphosphate Salt, >99%",10 mg,86
"S-4699 Sonidegib, Diphosphate Salt, >99%",100 mg,442
"S-4699 Sonidegib, Diphosphate Salt, >99%",200 mg,698
"S-4699 Sonidegib, Diphosphate Salt, >99%",25 mg,158
"S-4699 Sonidegib, Diphosphate Salt, >99%",5 mg,59
"S-4699 Sonidegib, Diphosphate Salt, >99%",50 mg,264
"S-4699 Sonidegib, Diphosphate Salt, >99%",500 mg,"1,485"
"S-4680 Sonidegib, Free Base, >99%",10 mg,86
"S-4680 Sonidegib, Free Base, >99%",100 mg,442
"S-4680 Sonidegib, Free Base, >99%",200 mg,698
"S-4680 Sonidegib, Free Base, >99%",25 mg,158
"S-4680 Sonidegib, Free Base, >99%",5 mg,59
"S-4680 Sonidegib, Free Base, >99%",50 mg,264
"S-4680 Sonidegib, Free Base, >99%",500 mg,"1,485"
"S-8599 Sorafenib, Free Base, >99%",300 mg,33
"S-8599 Sorafenib, Free Base, >99%",500 mg,53
"S-8502 Sorafenib, p-Toluenesulfonate Salt, >99%",300 mg,33
"S-8502 Sorafenib, p-Toluenesulfonate Salt, >99%",500 mg,53
"S-7979 SP600125, >99%",100 mg,86
"S-7979 SP600125, >99%",300 mg,135
"S-7979 SP600125, >99%",50 mg,48
"S-7979 SP600125, >99%",500 mg,186
"S-9344 Stauprimide, >99%",1 mg,85
"S-9344 Stauprimide, >99%",10 mg,625
"S-9344 Stauprimide, >99%",100 mg,"2,550"
"S-9344 Stauprimide, >99%",25 mg,"1,275"
"S-9344 Stauprimide, >99%",5 mg,380
"S-9300 Staurosporine, Free Base, >99%",1 mg,47
"S-9300 Staurosporine, Free Base, >99%",10 mg,167
"S-9300 Staurosporine, Free Base, >99%",100 mg,838
"S-9300 Staurosporine, Free Base, >99%",200 mg,"1,270"
"S-9300 Staurosporine, Free Base, >99%",25 mg,282
"S-9300 Staurosporine, Free Base, >99%",300 mg,"1,525"
"S-9300 Staurosporine, Free Base, >99%",5 mg,116
"S-9300 Staurosporine, Free Base, >99%",50 mg,497
"S-2440 StemRegenin 1, Free Base, >99%",10 mg,53
"S-2440 StemRegenin 1, Free Base, >99%",100 mg,319
"S-2440 StemRegenin 1, Free Base, >99%",200 mg,522
"S-2440 StemRegenin 1, Free Base, >99%",25 mg,112
"S-2440 StemRegenin 1, Free Base, >99%",50 mg,181
"S-2440 StemRegenin 1, Free Base, >99%",500 mg,"1,098"
"S-8877 Sunitinib, Free Base, >99%",300 mg,52
"S-8877 Sunitinib, Free Base, >99%",500 mg,69
"S-8803 Sunitinib, Malate Salt, >99%",300 mg,52
"S-8803 Sunitinib, Malate Salt, >99%",500 mg,69
"T-7802 Tandutinib, Free Base, >99%",100 mg,92
"T-7802 Tandutinib, Free Base, >99%",200 mg,166
"T-7802 Tandutinib, Free Base, >99%",25 mg,36
"T-7802 Tandutinib, Free Base, >99%",50 mg,55
"T-7802 Tandutinib, Free Base, >99%",500 mg,298
"T-8040 Temsirolimus, >99%",10 mg,47
"T-8040 Temsirolimus, >99%",100 mg,342
"T-8040 Temsirolimus, >99%",200 mg,535
"T-8040 Temsirolimus, >99%",25 mg,107
"T-8040 Temsirolimus, >99%",300 mg,765
"T-8040 Temsirolimus, >99%",50 mg,191
"T-8040 Temsirolimus, >99%",500 mg,"1,172"
"T-3250 Thapsigargin, >99%",1 mg,32
"T-3250 Thapsigargin, >99%",10 mg,245
"T-3250 Thapsigargin, >99%",25 mg,495
"T-3250 Thapsigargin, >99%",5 mg,139
"T-9753 Thiazovivin, Free Base, >99%",1 mg,42
"T-9753 Thiazovivin, Free Base, >99%",10 mg,153
"T-9753 Thiazovivin, Free Base, >99%",100 mg,339
"T-9753 Thiazovivin, Free Base, >99%",200 mg,592
"T-9753 Thiazovivin, Free Base, >99%",25 mg,199
"T-9753 Thiazovivin, Free Base, >99%",5 mg,84
"T-9753 Thiazovivin, Free Base, >99%",50 mg,217
"T-9753 Thiazovivin, Free Base, >99%",500 mg,988
"T-5096 Tinyatoxin, >99%",1 mg,122
"T-5096 Tinyatoxin, >99%",5 mg,448
"T-9104 Tipifarnib, Free Base, >99%",1 mg,78
"T-9104 Tipifarnib, Free Base, >99%",10 mg,337
"T-9104 Tipifarnib, Free Base, >99%",100 mg,"1,290"
"T-9104 Tipifarnib, Free Base, >99%",200 mg,"1,830"
"T-9104 Tipifarnib, Free Base, >99%",25 mg,578
"T-9104 Tipifarnib, Free Base, >99%",5 mg,179
"T-9104 Tipifarnib, Free Base, >99%",50 mg,848
"T-6466 Tivozanib, Free Base, >99%",10 mg,79
"T-6466 Tivozanib, Free Base, >99%",100 mg,322
"T-6466 Tivozanib, Free Base, >99%",200 mg,598
"T-6466 Tivozanib, Free Base, >99%",25 mg,122
"T-6466 Tivozanib, Free Base, >99%",250 mg,725
"T-6466 Tivozanib, Free Base, >99%",5 mg,56
"T-6466 Tivozanib, Free Base, >99%",50 mg,198
"T-6466 Tivozanib, Free Base, >99%",500 mg,"1,380"
"T-1399 Tofacitinib, Citrate Salt, >99%",10 mg,31
"T-1399 Tofacitinib, Citrate Salt, >99%",100 mg,159
"T-1399 Tofacitinib, Citrate Salt, >99%",200 mg,234
"T-1399 Tofacitinib, Citrate Salt, >99%",25 mg,68
"T-1399 Tofacitinib, Citrate Salt, >99%",50 mg,97
"T-1399 Tofacitinib, Citrate Salt, >99%",500 mg,515
"T-1377 Tofacitinib, Free Base, >99%",10 mg,31
"T-1377 Tofacitinib, Free Base, >99%",100 mg,159
"T-1377 Tofacitinib, Free Base, >99%",200 mg,234
"T-1377 Tofacitinib, Free Base, >99%",25 mg,68
"T-1377 Tofacitinib, Free Base, >99%",50 mg,97
"T-1377 Tofacitinib, Free Base, >99%",500 mg,515
"T-7887 Torin 1, Free Base, >99%",10 mg,107
"T-7887 Torin 1, Free Base, >99%",100 mg,642
"T-7887 Torin 1, Free Base, >99%",200 mg,984
"T-7887 Torin 1, Free Base, >99%",25 mg,242
"T-7887 Torin 1, Free Base, >99%",50 mg,387
"T-8448 Torin 2, Free Base, >99%",10 mg,108
"T-8448 Torin 2, Free Base, >99%",100 mg,639
"T-8448 Torin 2, Free Base, >99%",25 mg,228
"T-8448 Torin 2, Free Base, >99%",250 mg,978
"T-8448 Torin 2, Free Base, >99%",5 mg,73
"T-8448 Torin 2, Free Base, >99%",50 mg,370
"T-2304 Tozasertib, Free Base, 99%",100 mg,89
"T-2304 Tozasertib, Free Base, 99%",25 mg,28
"T-2304 Tozasertib, Free Base, 99%",250 mg,205
"T-2304 Tozasertib, Free Base, 99%",300 mg,237
"T-2304 Tozasertib, Free Base, 99%",50 mg,49
"T-2304 Tozasertib, Free Base, 99%",500 mg,372
"T-8123 Trametinib, >99%",10 mg,39
"T-8123 Trametinib, >99%",100 mg,121
"T-8123 Trametinib, >99%",200 mg,184
"T-8123 Trametinib, >99%",25 mg,69
"T-8123 Trametinib, >99%",50 mg,88
"T-8123 Trametinib, >99%",500 mg,398
"T-5335 Tubastatin A, Hydrochloride Salt, >99%",10 mg,72
"T-5335 Tubastatin A, Hydrochloride Salt, >99%",100 mg,348
"T-5335 Tubastatin A, Hydrochloride Salt, >99%",200 mg,620
"T-5335 Tubastatin A, Hydrochloride Salt, >99%",25 mg,126
"T-5335 Tubastatin A, Hydrochloride Salt, >99%",5 mg,53
"T-5335 Tubastatin A, Hydrochloride Salt, >99%",50 mg,189
"T-5335 Tubastatin A, Hydrochloride Salt, >99%",500 mg,"1,246"
"T-7310 Tyrphostin AG 1478, Free Base, >99%",100 mg,219
"T-7310 Tyrphostin AG 1478, Free Base, >99%",25 mg,71
"T-7310 Tyrphostin AG 1478, Free Base, >99%",500 mg,725
"T-9142 Tyrphostin AG 490, >99%",10 mg,42
"T-9142 Tyrphostin AG 490, >99%",100 mg,115
"T-9142 Tyrphostin AG 490, >99%",25 mg,69
"T-9142 Tyrphostin AG 490, >99%",250 mg,232
"T-9142 Tyrphostin AG 490, >99%",300 mg,258
"T-9142 Tyrphostin AG 490, >99%",50 mg,88
"U-6770 U0126, >99%",100 mg,68
"U-6770 U0126, >99%",25 mg,52
"U-6770 U0126, >99%",250 mg,162
"U-6770 U0126, >99%",300 mg,189
"V-9402 Vandetanib, Free Base, >99%",100 mg,87
"V-9402 Vandetanib, Free Base, >99%",200 mg,142
"V-9402 Vandetanib, Free Base, >99%",25 mg,44
"V-9402 Vandetanib, Free Base, >99%",250 mg,172
"V-9402 Vandetanib, Free Base, >99%",50 mg,56
"V-9402 Vandetanib, Free Base, >99%",500 mg,262
"V-8303 Vatalanib, Dihydrochloride Salt, >99%",100 mg,68
"V-8303 Vatalanib, Dihydrochloride Salt, >99%",200 mg,95
"V-8303 Vatalanib, Dihydrochloride Salt, >99%",25 mg,39
"V-8303 Vatalanib, Dihydrochloride Salt, >99%",250 mg,106
"V-8303 Vatalanib, Dihydrochloride Salt, >99%",500 mg,198
"V-4799 Veliparib, Dihydrochloride Salt, >99%",10 mg,83
"V-4799 Veliparib, Dihydrochloride Salt, >99%",100 mg,363
"V-4799 Veliparib, Dihydrochloride Salt, >99%",200 mg,637
"V-4799 Veliparib, Dihydrochloride Salt, >99%",25 mg,136
"V-4799 Veliparib, Dihydrochloride Salt, >99%",5 mg,58
"V-4799 Veliparib, Dihydrochloride Salt, >99%",50 mg,227
"V-4799 Veliparib, Dihydrochloride Salt, >99%",500 mg,"1,175"
"V-4703 Veliparib, Free Base, >99%",10 mg,83
"V-4703 Veliparib, Free Base, >99%",100 mg,363
"V-4703 Veliparib, Free Base, >99%",200 mg,637
"V-4703 Veliparib, Free Base, >99%",25 mg,136
"V-4703 Veliparib, Free Base, >99%",5 mg,58
"V-4703 Veliparib, Free Base, >99%",50 mg,227
"V-4703 Veliparib, Free Base, >99%",500 mg,"1,175"
"V-2800 Vemurafenib, Free Base, >99%",10 mg,39
"V-2800 Vemurafenib, Free Base, >99%",100 mg,169
"V-2800 Vemurafenib, Free Base, >99%",200 mg,297
"V-2800 Vemurafenib, Free Base, >99%",25 mg,69
"V-2800 Vemurafenib, Free Base, >99%",5 mg,25
"V-2800 Vemurafenib, Free Base, >99%",50 mg,98
"V-2800 Vemurafenib, Free Base, >99%",500 mg,465
"V-3579 Venetoclax, Free Base, >99%",10 mg,88
"V-3579 Venetoclax, Free Base, >99%",100 mg,277
"V-3579 Venetoclax, Free Base, >99%",200 mg,475
"V-3579 Venetoclax, Free Base, >99%",25 mg,134
"V-3579 Venetoclax, Free Base, >99%",300 mg,695
"V-3579 Venetoclax, Free Base, >99%",5 mg,69
"V-3579 Venetoclax, Free Base, >99%",50 mg,191
"V-3579 Venetoclax, Free Base, >99%",500 mg,"1,080"
"V-7300 Vinblastine, Sulfate Salt, >98%",10 mg,39
"V-7300 Vinblastine, Sulfate Salt, >98%",100 mg,95
"V-7300 Vinblastine, Sulfate Salt, >98%",200 mg,128
"V-7300 Vinblastine, Sulfate Salt, >98%",25 mg,51
"V-7300 Vinblastine, Sulfate Salt, >98%",50 mg,69
"V-7300 Vinblastine, Sulfate Salt, >98%",500 mg,229
"V-8400 Vincristine, Sulfate Salt, >99%",10 mg,38
"V-8400 Vincristine, Sulfate Salt, >99%",100 mg,182
"V-8400 Vincristine, Sulfate Salt, >99%",200 mg,325
"V-8400 Vincristine, Sulfate Salt, >99%",25 mg,71
"V-8400 Vincristine, Sulfate Salt, >99%",50 mg,114
"V-8400 Vincristine, Sulfate Salt, >99%",500 mg,515
"V-4050 Vismodegib, Free Base, >99%",10 mg,39
"V-4050 Vismodegib, Free Base, >99%",100 mg,84
"V-4050 Vismodegib, Free Base, >99%",200 mg,128
"V-4050 Vismodegib, Free Base, >99%",25 mg,47
"V-4050 Vismodegib, Free Base, >99%",50 mg,59
"V-4050 Vismodegib, Free Base, >99%",500 mg,248
"V-8477 Vorinostat, >99%",250 mg,41
"V-8477 Vorinostat, >99%",500 mg,72
"V-9366 VX-702, Free Base, >99%",10 mg,34
"V-9366 VX-702, Free Base, >99%",100 mg,215
"V-9366 VX-702, Free Base, >99%",200 mg,398
"V-9366 VX-702, Free Base, >99%",25 mg,75
"V-9366 VX-702, Free Base, >99%",50 mg,129
"W-2990 Wortmannin, >99%",10 mg,27
"W-2990 Wortmannin, >99%",100 mg,206
"W-2990 Wortmannin, >99%",25 mg,59
"W-2990 Wortmannin, >99%",300 mg,525
"W-2990 Wortmannin, >99%",50 mg,111
"W-2990 Wortmannin, >99%",500 mg,845
"Y-5301 Y-27632, Dihydrochloride Salt, >99%",10 mg,81
"Y-5301 Y-27632, Dihydrochloride Salt, >99%",100 mg,615
"Y-5301 Y-27632, Dihydrochloride Salt, >99%",200 mg,"1,170"
"Y-5301 Y-27632, Dihydrochloride Salt, >99%",25 mg,188
"Y-5301 Y-27632, Dihydrochloride Salt, >99%",250 mg,"1,375"
"Y-5301 Y-27632, Dihydrochloride Salt, >99%",5 mg,49
"Y-5301 Y-27632, Dihydrochloride Salt, >99%",50 mg,335
"Y-5399 Y-27632, Free Base, >99%",10 mg,81
"Y-5399 Y-27632, Free Base, >99%",100 mg,615
"Y-5399 Y-27632, Free Base, >99%",200 mg,"1,170"
"Y-5399 Y-27632, Free Base, >99%",25 mg,188
"Y-5399 Y-27632, Free Base, >99%",250 mg,"1,375"
"Y-5399 Y-27632, Free Base, >99%",5 mg,49
"Y-5399 Y-27632, Free Base, >99%",50 mg,335
"Z-9999 Z-VAD-FMK, Free Acid, >99%",1 mg,59
"Z-9999 Z-VAD-FMK, Free Acid, >99%",25 mg,588
"Z-9999 Z-VAD-FMK, Free Acid, >99%",5 mg,185
"Z-9900 Z-VAD-FMK, Methyl Ester, >99%",1 mg,59
"Z-9900 Z-VAD-FMK, Methyl Ester, >99%",10 mg,275
"Z-9900 Z-VAD-FMK, Methyl Ester, >99%",100 mg,997
"Z-9900 Z-VAD-FMK, Methyl Ester, >99%",25 mg,588
"Z-9900 Z-VAD-FMK, Methyl Ester, >99%",5 mg,185
"Z-9040 Zotarolimus, Free Base, >98%",25 mg,335
"Z-9040 Zotarolimus, Free Base, >98%",250 mg,"1,240"
"Z-9040 Zotarolimus, Free Base, >98%",5 mg,148
"Z-9040 Zotarolimus, Free Base, >98%",50 mg,685
"Z-9040 Zotarolimus, Free Base, >98%",500 mg,"2,240"
"Z-1066 ZSTK474, Free Base, >99%",100 mg,75
"Z-1066 ZSTK474, Free Base, >99%",200 mg,138
"Z-1066 ZSTK474, Free Base, >99%",25 mg,32
"Z-1066 ZSTK474, Free Base, >99%",250 mg,159
"Z-1066 ZSTK474, Free Base, >99%",50 mg,43
